effective_sensor_current,adc_voltage_400a_v,adc_voltage_50a_v
10.0,1.3063002824783325,1.4835896492004395
0.0,1.3135530948638916,1.6552380323410034
